accuracy,roc_auc
0.9135802469135802,0.9313409961685821
