accuracy,roc_auc
0.8827160493827161,0.8942528735632179
