accuracy,roc_auc
0.8765432098765432,0.8983908045977007
