n_train,n_test,accuracy,roc_auc
643,162,0.5802469135802469,0.6158620689655171
